inside_temp,outside_temp,humidity,occupancy,action
70,80.29820449584814,50,1,No action needed
70,80.26571215888166,50,1,No action needed
70,80.17095687312765,50,1,No action needed
70,80.03005351643611,50,0,Set home to eco mode
70,79.70412921746312,50,0,Set home to eco mode
70,80.09004857136665,50,0,Set home to eco mode
70,80.10735067350629,50,0,Set home to eco mode
70,80.60523547001151,50,0,Set home to eco mode
70,80.24877604246602,50,0,Set home to eco mode
70,80.0128062121515,50,0,Set home to eco mode
70,79.82821355670005,50,0,Set home to eco mode
70,79.49904267066701,50,0,Set home to eco mode
70,79.04371304596052,50,0,Set home to eco mode
70,79.24904738471525,50,0,Set home to eco mode
70,79.16652856601631,50,0,Set home to eco mode
70,79.44471835366014,50,0,Set home to eco mode
70,79.75170168044482,50,0,Set home to eco mode
70,79.44847762780648,50,0,Set home to eco mode
70,79.6112847637275,50,0,Set home to eco mode
70,79.6237553984643,50,0,Set home to eco mode
70,79.69974280596358,50,0,Set home to eco mode
70,79.47920436138777,50,0,Set home to eco mode
70,79.50380227182077,50,0,Set home to eco mode
70,79.16582680490863,50,0,Set home to eco mode
70,78.80376029289863,50,0,Set home to eco mode
70,79.19281569553462,50,0,Set home to eco mode
70,79.19368054003758,50,0,Set home to eco mode
70,79.15282876655498,50,0,Set home to eco mode
70,79.56584897764915,50,0,Set home to eco mode
70,79.76604004207171,50,0,Set home to eco mode
70,80.1413056071536,50,0,Set home to eco mode
70,79.64974013734313,50,0,Set home to eco mode
70,79.266866897384,50,0,Set home to eco mode
70,79.47896667373766,50,0,Set home to eco mode
70,79.19574220851213,50,0,Set home to eco mode
70,79.56927680128126,50,0,Set home to eco mode
70,79.90315084853937,50,0,Set home to eco mode
70,79.5022941129322,50,0,Set home to eco mode
70,79.742997530372,50,0,Set home to eco mode
70,79.94909129046621,50,0,Set home to eco mode
70,79.94618051271917,50,0,Set home to eco mode
70,80.31280673166327,50,0,Set home to eco mode
70,80.3676199095101,50,0,Set home to eco mode
70,80.6709388101714,50,0,Set home to eco mode
70,80.84980952872014,50,0,Set home to eco mode
70,80.6240109782412,50,0,Set home to eco mode
70,81.10829993334401,50,0,Set home to eco mode
70,80.8525070144079,50,0,Set home to eco mode
70,80.63295623587143,50,0,Set home to eco mode
70,80.23775902571398,50,0,Set home to eco mode
70,80.62974140836415,50,0,Set home to eco mode
70,80.49299432405026,50,0,Set home to eco mode
70,80.11909049271814,50,0,Set home to eco mode
70,80.3963581236806,50,0,Set home to eco mode
70,80.61750091763626,50,0,Set home to eco mode
70,80.55253889453905,50,0,Set home to eco mode
70,80.23703419200848,50,0,Set home to eco mode
70,80.2878561423547,50,0,Set home to eco mode
70,80.3193656717334,50,0,Set home to eco mode
70,80.32757783866077,50,0,Set home to eco mode
70,80.70509972148575,50,0,Set home to eco mode
70,80.98357901324843,50,0,Set home to eco mode
70,80.71052754322656,50,0,Set home to eco mode
70,81.16875947826567,50,1,No action needed
70,81.25758065852823,50,1,No action needed
70,81.72667742230091,50,1,No action needed
70,81.41349940678715,50,1,No action needed
70,81.64173261220046,50,1,No action needed
70,81.78554644175614,50,1,No action needed
70,81.85762234688951,50,1,No action needed
70,82.12617419112199,50,1,No action needed
70,81.68102778540471,50,1,No action needed
70,81.94510678483353,50,0,Set home to eco mode
70,82.09360868113505,50,1,No action needed
70,82.12693476032331,50,1,No action needed
70,81.80161842434315,50,1,No action needed
70,82.24245616145885,50,1,No action needed
70,82.30202741726843,50,1,No action needed
70,82.17147848746008,50,1,No action needed
70,82.03675248473378,50,1,No action needed
70,82.18084131589589,50,1,No action needed
70,82.40572857138285,50,1,No action needed
70,82.482522980118,50,1,No action needed
70,82.87473990781412,50,1,No action needed
70,82.62372480702608,50,1,No action needed
70,82.84732795293777,50,1,No action needed
70,83.09861306953923,50,1,No action needed
70,83.47983732763991,50,1,No action needed
70,83.75075311475429,50,1,No action needed
70,84.14761479159864,50,1,No action needed
70,83.86024445254074,50,1,No action needed
70,84.35481580843097,50,1,No action needed
70,84.45091853980917,50,1,No action needed
70,84.94442298340562,50,1,No action needed
70,85.2096198871997,50,1,No action needed
70,84.9588054817706,50,1,No action needed
70,85.08899106714269,50,0,Set home to eco mode
70,85.36003020724723,50,0,Set home to eco mode
70,85.57548041951162,50,0,Set home to eco mode
70,85.58887564343868,50,0,Set home to eco mode
70,85.81986858695426,50,0,Set home to eco mode
70,85.734926320758,50,0,Set home to eco mode
70,86.11845406914318,50,0,Set home to eco mode
70,86.11472312217977,50,0,Set home to eco mode
70,86.34284342615851,50,0,Set home to eco mode
70,86.79867416774348,50,0,Set home to eco mode
70,86.37410392053688,50,0,Set home to eco mode
70,86.50955602432279,50,0,Set home to eco mode
70,86.48272294653694,50,0,Set home to eco mode
70,86.03109931700331,50,0,Set home to eco mode
70,86.071177556707,50,0,Set home to eco mode
70,86.10256954977405,50,0,Set home to eco mode
70,85.777780958941,50,0,Set home to eco mode
70,85.55414956251767,50,0,Set home to eco mode
70,85.25811218317072,50,0,Set home to eco mode
70,84.76907846518017,50,0,Set home to eco mode
70,84.53259298854282,50,0,Set home to eco mode
70,84.69229650747047,50,0,Set home to eco mode
70,84.9125723896488,50,0,Set home to eco mode
70,85.24555997246922,50,0,Set home to eco mode
70,85.10588107319163,50,0,Set home to eco mode
70,84.8571151435515,50,0,Set home to eco mode
70,85.17928657428291,50,0,Set home to eco mode
70,85.33817240369142,50,0,Set home to eco mode
70,85.12601207301933,50,0,Set home to eco mode
70,85.56662007131855,50,0,Set home to eco mode
70,85.07396248451113,50,0,Set home to eco mode
70,85.00698702746304,50,0,Set home to eco mode
70,85.06027443469925,50,0,Set home to eco mode
70,85.53036428135215,50,0,Set home to eco mode
70,85.67604640919335,50,0,Set home to eco mode
70,85.73458882081461,50,0,Set home to eco mode
70,85.47858756925714,50,0,Set home to eco mode
70,85.85932142651322,50,0,Set home to eco mode
70,85.73077059023234,50,0,Set home to eco mode
70,85.36080991490468,50,0,Set home to eco mode
70,84.97585489701697,50,0,Set home to eco mode
70,84.83574610439585,50,0,Set home to eco mode
70,84.50773164622225,50,0,Set home to eco mode
70,84.37053888448085,50,0,Set home to eco mode
70,84.64089668698495,50,0,Set home to eco mode
70,84.35932165126435,50,0,Set home to eco mode
70,84.21146539333058,50,0,Set home to eco mode
70,84.18139897342567,50,0,Set home to eco mode
70,84.05950280585704,50,0,Set home to eco mode
70,84.15178962365727,50,0,Set home to eco mode
70,84.00463621957823,50,0,Set home to eco mode
70,84.3509056382713,50,0,Set home to eco mode
70,84.0984047678144,50,0,Set home to eco mode
70,83.67744139311559,50,0,Set home to eco mode
70,83.17794487067061,50,0,Set home to eco mode
70,83.64083226106366,50,0,Set home to eco mode
70,83.42111515630617,50,0,Set home to eco mode
70,83.49085167657756,50,0,Set home to eco mode
70,83.03190714960509,50,0,Set home to eco mode
70,83.05529435200417,50,0,Set home to eco mode
70,83.32580159055505,50,0,Set home to eco mode
70,83.43079109411403,50,1,No action needed
70,83.36081850421294,50,1,No action needed
70,83.52508175285612,50,0,Set home to eco mode
70,83.39424572853007,50,0,Set home to eco mode
70,83.24660436213657,50,0,Set home to eco mode
70,82.846772192093,50,0,Set home to eco mode
70,82.71079294547353,50,0,Set home to eco mode
70,82.81378109342337,50,0,Set home to eco mode
70,82.71768691340162,50,0,Set home to eco mode
70,82.5983175101179,50,0,Set home to eco mode
70,82.12690238150014,50,0,Set home to eco mode
70,82.17476762290046,50,0,Set home to eco mode
70,81.70830453760867,50,0,Set home to eco mode
70,81.47396252953439,50,0,Set home to eco mode
70,81.64340615191203,50,0,Set home to eco mode
70,81.81689152153947,50,0,Set home to eco mode
70,81.86712578800747,50,1,No action needed
70,82.01511351411948,50,1,No action needed
70,82.17980149215941,50,1,No action needed
70,81.96319740764835,50,1,No action needed
70,81.6522573918371,50,1,No action needed
70,81.68447671844257,50,1,No action needed
70,81.47618324375205,50,1,No action needed
70,81.23992804905785,50,1,No action needed
70,80.95572790491396,50,1,No action needed
70,80.91686961397238,50,1,No action needed
70,81.15091051018561,50,1,No action needed
70,81.55345344370748,50,1,No action needed
70,81.18379210213651,50,0,Set home to eco mode
70,81.52996537939461,50,1,No action needed
70,81.68625095884921,50,1,No action needed
70,82.15705621448778,50,1,No action needed
70,81.84069262680282,50,1,No action needed
70,82.31827815365742,50,1,No action needed
70,82.51127353724519,50,1,No action needed
70,82.42527551553833,50,1,No action needed
70,82.07893114257766,50,1,No action needed
70,82.3140992922984,50,1,No action needed
70,82.6814734255117,50,1,No action needed
70,83.05696395352257,50,1,No action needed
70,82.65227830937896,50,1,No action needed
70,82.75895421078373,50,1,No action needed
70,82.72319662741285,50,1,No action needed
70,82.97721648473365,50,1,No action needed
70,83.3624987553242,50,1,No action needed
70,83.6637657779741,50,1,No action needed
70,83.82209343727006,50,1,No action needed
70,83.77367694220361,50,1,No action needed
70,83.31447246385174,50,1,No action needed
70,83.50087801900472,50,1,No action needed
70,83.70842562065887,50,1,No action needed
70,83.45693872693946,50,1,No action needed
70,83.34985966501701,50,1,No action needed
70,83.23089068432543,50,1,No action needed
70,83.63999910582496,50,1,No action needed
70,84.11621576757453,50,1,No action needed
70,83.63793378082319,50,0,Set home to eco mode
70,83.52845036412714,50,0,Set home to eco mode
70,83.2579787704593,50,0,Set home to eco mode
70,83.01226746947849,50,0,Set home to eco mode
70,82.80841748995054,50,0,Set home to eco mode
70,82.42983891836946,50,0,Set home to eco mode
70,82.40779100023441,50,0,Set home to eco mode
70,82.79124558613584,50,0,Set home to eco mode
70,83.23661816701295,50,0,Set home to eco mode
70,83.45848806287162,50,1,No action needed
70,83.90319041991995,50,1,No action needed
70,84.15073730125869,50,1,No action needed
70,84.57776383723694,50,1,No action needed
70,85.03031492498314,50,1,No action needed
70,84.7125065118895,50,1,No action needed
70,84.31581796308623,50,1,No action needed
70,84.07843541370268,50,1,No action needed
70,84.09288293222151,50,1,No action needed
70,83.74300469827044,50,1,No action needed
70,83.91876019150358,50,1,No action needed
70,83.42865266511429,50,1,No action needed
70,83.08492362939502,50,0,Set home to eco mode
70,82.84306641288563,50,0,Set home to eco mode
70,83.23466611881874,50,0,Set home to eco mode
70,83.03712182201751,50,0,Set home to eco mode
70,82.56947145033581,50,1,No action needed
70,82.56477757135289,50,1,No action needed
70,82.64720664806586,50,1,No action needed
70,82.33530332096517,50,1,No action needed
70,82.23168459407829,50,1,No action needed
70,82.05217693720215,50,1,No action needed
70,81.80049067337251,50,1,No action needed
70,81.56618287636657,50,1,No action needed
70,81.55159099395397,50,0,Set home to eco mode
70,81.88304553542916,50,0,Set home to eco mode
70,81.93215799866745,50,0,Set home to eco mode
70,81.86462535588461,50,0,Set home to eco mode
70,81.63868304156344,50,0,Set home to eco mode
70,81.56764492546466,50,0,Set home to eco mode
70,81.50877153434064,50,0,Set home to eco mode
70,81.42298248495108,50,0,Set home to eco mode
70,80.94529906541557,50,0,Set home to eco mode
70,80.93596085386447,50,0,Set home to eco mode
70,80.9137518832258,50,0,Set home to eco mode
70,81.28689392128554,50,0,Set home to eco mode
70,80.80567416719312,50,0,Set home to eco mode
70,80.77451826899718,50,0,Set home to eco mode
70,80.90237883531873,50,0,Set home to eco mode
70,81.39374298742277,50,0,Set home to eco mode
70,81.0593054580571,50,0,Set home to eco mode
70,81.4274942591309,50,0,Set home to eco mode
70,81.18339216568943,50,0,Set home to eco mode
70,81.07283646220831,50,0,Set home to eco mode
70,81.32763662549773,50,0,Set home to eco mode
70,81.55476368999632,50,0,Set home to eco mode
70,81.72340000840556,50,0,Set home to eco mode
70,82.21636676614608,50,0,Set home to eco mode
70,82.25463200172518,50,0,Set home to eco mode
70,81.81305529952873,50,0,Set home to eco mode
70,82.3087009571804,50,0,Set home to eco mode
70,82.20608902713465,50,0,Set home to eco mode
70,82.39330586377837,50,0,Set home to eco mode
70,82.36268601279832,50,0,Set home to eco mode
70,82.38501881786641,50,0,Set home to eco mode
70,82.76355386029672,50,0,Set home to eco mode
70,83.0798350820975,50,0,Set home to eco mode
70,83.00240276556416,50,0,Set home to eco mode
70,82.69742307692661,50,0,Set home to eco mode
70,83.18971310688752,50,0,Set home to eco mode
70,83.44272958266309,50,0,Set home to eco mode
70,83.08618328358045,50,0,Set home to eco mode
70,82.93214779336876,50,0,Set home to eco mode
70,83.16726527881512,50,0,Set home to eco mode
70,82.9596607377389,50,0,Set home to eco mode
70,82.65184639322915,50,0,Set home to eco mode
70,83.1457180816239,50,0,Set home to eco mode
70,83.01839931875864,50,0,Set home to eco mode
70,82.82559728409531,50,1,No action needed
70,83.15828828533142,50,1,No action needed
70,83.15827124157367,50,1,No action needed
70,82.73212088000419,50,1,No action needed
70,82.61194972221318,50,1,No action needed
70,82.55398861319983,50,1,No action needed
70,82.74253270545938,50,1,No action needed
70,82.69012360025518,50,1,No action needed
70,82.67509325054606,50,1,No action needed
70,82.33182010030053,50,1,No action needed
70,82.47197118836138,50,1,No action needed
70,82.15871204479338,50,1,No action needed
70,82.16112150037641,50,1,No action needed
70,82.59956067168329,50,1,No action needed
70,82.95924837348079,50,1,No action needed
70,83.01896115902304,50,1,No action needed
70,83.14476413908787,50,1,No action needed
70,82.7856255890221,50,1,No action needed
70,82.41352205162926,50,1,No action needed
70,82.65455309708233,50,1,No action needed
70,82.61575156849713,50,1,No action needed
70,83.04750194297833,50,1,No action needed
70,82.8277437344544,50,1,No action needed
70,82.8105284326867,50,0,Set home to eco mode
70,83.226467755493,50,0,Set home to eco mode
70,83.0071063974883,50,0,Set home to eco mode
70,83.21825239835235,50,0,Set home to eco mode
70,82.83953609377066,50,0,Set home to eco mode
70,82.88143651137398,50,0,Set home to eco mode
70,82.80236544623925,50,0,Set home to eco mode
70,83.2797364059132,50,0,Set home to eco mode
70,83.4781964167253,50,0,Set home to eco mode
70,83.9436219519301,50,0,Set home to eco mode
70,83.86310428576579,50,0,Set home to eco mode
70,84.30681220287596,50,0,Set home to eco mode
70,84.4048056511967,50,0,Set home to eco mode
70,84.85192138644841,50,0,Set home to eco mode
70,84.80375915308527,50,0,Set home to eco mode
70,84.95076805848711,50,0,Set home to eco mode
70,85.07050279725136,50,0,Set home to eco mode
70,84.94519942578918,50,0,Set home to eco mode
70,84.63333806923754,50,1,No action needed
70,84.82798047147647,50,0,Set home to eco mode
70,84.77989414139742,50,0,Set home to eco mode
70,85.17295685676572,50,0,Set home to eco mode
70,85.2895777825374,50,0,Set home to eco mode
70,85.30533482028437,50,0,Set home to eco mode
70,85.2602076740836,50,1,No action needed
70,85.73039885216451,50,1,No action needed
70,85.60780188984586,50,1,No action needed
70,85.86305129322011,50,1,No action needed
70,86.02940963170512,50,1,No action needed
70,86.09998379283529,50,1,No action needed
70,85.95671079551941,50,1,No action needed
70,86.23069775497464,50,1,No action needed
70,85.91950012916753,50,1,No action needed
70,85.72214970324295,50,1,No action needed
70,85.74914252991432,50,1,No action needed
70,85.84998668022236,50,1,No action needed
70,86.3209126907832,50,1,No action needed
70,86.31849295997728,50,1,No action needed
70,86.38613386143523,50,1,No action needed
70,86.2201632536398,50,1,No action needed
70,86.55821084183015,50,1,No action needed
70,86.24508090421651,50,1,No action needed
70,86.45135934815073,50,1,No action needed
70,86.42909706087026,50,1,No action needed
70,86.78709289339338,50,1,No action needed
70,86.74117667152717,50,1,No action needed
70,86.68121219917106,50,1,No action needed
70,86.22700796461949,50,1,No action needed
70,86.2503396663139,50,1,No action needed
70,86.12553253714131,50,0,Set home to eco mode
70,86.04318612566202,50,0,Set home to eco mode
70,85.94148830671251,50,1,No action needed
70,85.46018869244254,50,1,No action needed
70,85.929792312503,50,1,No action needed
70,86.06532254216668,50,1,No action needed
70,86.46820125696667,50,1,No action needed
70,86.12832937164266,50,1,No action needed
70,86.13800184992472,50,1,No action needed
70,86.47433002043736,50,1,No action needed
70,86.95995315602632,50,1,No action needed
70,86.75771377126742,50,1,No action needed
70,87.25383352510052,50,1,No action needed
70,87.50125911577437,50,1,No action needed
70,87.6361370289098,50,1,No action needed
70,87.71607114145436,50,1,No action needed
70,87.27458651951243,50,1,No action needed
70,87.11640353812294,50,1,No action needed
70,87.37298432612845,50,1,No action needed
70,87.279193594889,50,1,No action needed
70,87.03032150656823,50,1,No action needed
70,86.93262460906188,50,1,No action needed
70,86.83013200845913,50,1,No action needed
70,86.35205395482113,50,1,No action needed
70,85.86131485135274,50,1,No action needed
70,85.95248282264916,50,0,Set home to eco mode
70,86.00495531170989,50,0,Set home to eco mode
70,85.94427596797152,50,0,Set home to eco mode
70,85.74365460714367,50,0,Set home to eco mode
70,85.30281302161012,50,0,Set home to eco mode
70,85.00488457168446,50,0,Set home to eco mode
70,84.5734613979896,50,0,Set home to eco mode
70,84.1679917084315,50,0,Set home to eco mode
70,84.1822951145448,50,0,Set home to eco mode
70,84.29046354230184,50,0,Set home to eco mode
70,84.03680096135108,50,0,Set home to eco mode
70,84.3473131834533,50,0,Set home to eco mode
70,84.78686729226239,50,0,Set home to eco mode
70,85.25420025928496,50,0,Set home to eco mode
70,84.91823879087724,50,1,No action needed
70,84.4742606581602,50,1,No action needed
70,84.60681149132029,50,1,No action needed
70,84.2250444200103,50,1,No action needed
70,84.31671949443894,50,1,No action needed
70,84.28803487423802,50,1,No action needed
70,84.61333239588072,50,1,No action needed
70,85.06676701975915,50,1,No action needed
70,84.77156042639145,50,1,No action needed
70,84.66809009335724,50,1,No action needed
70,84.59930822519175,50,0,Set home to eco mode
70,84.51505078377616,50,0,Set home to eco mode
70,84.4052412224362,50,0,Set home to eco mode
70,84.75715637008152,50,0,Set home to eco mode
70,84.50751085762055,50,1,No action needed
70,84.74615123426746,50,1,No action needed
70,85.22078229144681,50,1,No action needed
70,85.28341641828266,50,1,No action needed
70,84.96595636159051,50,1,No action needed
70,84.75711464221463,50,0,Set home to eco mode
70,84.4599554113173,50,0,Set home to eco mode
70,84.29419166303995,50,0,Set home to eco mode
70,84.25526909639606,50,0,Set home to eco mode
70,84.40225533642479,50,0,Set home to eco mode
70,84.24040241952505,50,0,Set home to eco mode
70,84.48113635530605,50,0,Set home to eco mode
70,84.5344576628364,50,0,Set home to eco mode
70,84.63437115708226,50,0,Set home to eco mode
70,85.01868340027772,50,0,Set home to eco mode
70,84.88320392016288,50,0,Set home to eco mode
70,84.38874504065137,50,0,Set home to eco mode
70,84.74018639966496,50,0,Set home to eco mode
70,84.4780552012299,50,0,Set home to eco mode
70,84.59922893373447,50,0,Set home to eco mode
70,84.54716974613628,50,0,Set home to eco mode
70,84.22532337414388,50,0,Set home to eco mode
70,84.41115962841673,50,0,Set home to eco mode
70,84.15548272419194,50,0,Set home to eco mode
70,84.43898918493791,50,0,Set home to eco mode
70,84.56332238597838,50,0,Set home to eco mode
70,84.81167881079669,50,0,Set home to eco mode
70,84.47500685658933,50,0,Set home to eco mode
70,84.9247451057966,50,0,Set home to eco mode
70,84.92957211805876,50,0,Set home to eco mode
70,84.48185917002043,50,0,Set home to eco mode
70,84.46273762358038,50,0,Set home to eco mode
70,84.79558269870327,50,0,Set home to eco mode
70,84.38399558372899,50,0,Set home to eco mode
70,84.23957331181157,50,0,Set home to eco mode
70,84.04662127531303,50,0,Set home to eco mode
70,84.06128940682413,50,0,Set home to eco mode
70,84.10862331547145,50,0,Set home to eco mode
70,84.42437614956793,50,1,No action needed
70,84.13391710305761,50,1,No action needed
70,84.01204395356994,50,1,No action needed
70,83.86625718523749,50,1,No action needed
70,83.50698735572398,50,1,No action needed
70,83.65552893065932,50,1,No action needed
70,83.41260709764043,50,1,No action needed
70,83.135732125172,50,1,No action needed
70,82.8022919865873,50,1,No action needed
70,82.96377150187746,50,1,No action needed
70,83.3323730828144,50,1,No action needed
70,83.02215873408501,50,1,No action needed
70,82.90884085635648,50,1,No action needed
70,82.88337642203977,50,1,No action needed
70,82.84911107320443,50,1,No action needed
70,82.67957185785899,50,1,No action needed
70,82.58053527824546,50,1,No action needed
70,82.31987699756246,50,0,Set home to eco mode
70,82.22724854502317,50,0,Set home to eco mode
70,82.23801588729383,50,0,Set home to eco mode
70,81.94158264835636,50,0,Set home to eco mode
70,82.02185756999043,50,0,Set home to eco mode
70,82.50286771921266,50,0,Set home to eco mode
70,82.01644608501978,50,0,Set home to eco mode
70,82.05939217251817,50,0,Set home to eco mode
70,82.00086684936507,50,0,Set home to eco mode
70,81.6393853783284,50,0,Set home to eco mode
70,81.54410541705268,50,0,Set home to eco mode
70,81.06205891294903,50,0,Set home to eco mode
70,81.11620571887201,50,0,Set home to eco mode
70,81.53556764533336,50,0,Set home to eco mode
70,81.83507479767464,50,0,Set home to eco mode
70,82.03997630468754,50,0,Set home to eco mode
70,82.47625104960282,50,0,Set home to eco mode
70,82.01686145064251,50,0,Set home to eco mode
70,82.15862748085647,50,0,Set home to eco mode
70,82.19174157084467,50,0,Set home to eco mode
70,82.6823372531829,50,0,Set home to eco mode
70,83.06398384337596,50,0,Set home to eco mode
70,83.4951190523903,50,0,Set home to eco mode
70,83.36203796409848,50,0,Set home to eco mode
70,83.30705182794401,50,0,Set home to eco mode
70,82.86869376151482,50,0,Set home to eco mode
70,83.24837792430546,50,0,Set home to eco mode
70,82.82047332973636,50,0,Set home to eco mode
70,82.38053726052054,50,0,Set home to eco mode
70,82.29867330082548,50,0,Set home to eco mode
70,82.42699743004282,50,0,Set home to eco mode
70,82.35493294174464,50,0,Set home to eco mode
70,81.8577457687938,50,0,Set home to eco mode
70,81.81920660214273,50,0,Set home to eco mode
70,81.89419886982084,50,0,Set home to eco mode
70,82.29440679872617,50,0,Set home to eco mode
70,82.4780034824946,50,0,Set home to eco mode
70,82.70696947618057,50,0,Set home to eco mode
70,82.5048959706718,50,1,No action needed
70,82.71086005595062,50,1,No action needed
70,82.64931539068351,50,1,No action needed
70,82.85613646931156,50,1,No action needed
70,82.82779296266541,50,1,No action needed
70,83.1632967296674,50,1,No action needed
70,83.42474592707751,50,1,No action needed
70,83.54711574544986,50,1,No action needed
70,83.20642278430377,50,1,No action needed
70,83.47950883033643,50,1,No action needed
70,83.2660574568351,50,1,No action needed
70,83.11028546267352,50,1,No action needed
70,83.10325237133121,50,1,No action needed
70,83.23117312360785,50,1,No action needed
70,83.14571250569429,50,1,No action needed
70,83.12988619953852,50,1,No action needed
70,83.3395069689425,50,1,No action needed
70,83.02446009752282,50,1,No action needed
70,83.34962579597226,50,1,No action needed
70,83.50346770483611,50,1,No action needed
70,83.6918586954315,50,1,No action needed
70,84.06960741479017,50,1,No action needed
70,84.11558542589175,50,1,No action needed
70,84.57335345992564,50,1,No action needed
70,84.66387198693377,50,1,No action needed
70,84.31275639100494,50,1,No action needed
70,84.19475227266383,50,1,No action needed
70,84.60733828594216,50,1,No action needed
70,84.1172265478168,50,1,No action needed
70,84.481365895468,50,1,No action needed
70,84.20208646838573,50,1,No action needed
70,84.42844162787414,50,0,Set home to eco mode
70,84.58254701583294,50,0,Set home to eco mode
70,84.54738017983097,50,0,Set home to eco mode
70,84.6717624676599,50,0,Set home to eco mode
70,84.35393669656979,50,0,Set home to eco mode
70,84.2091643744511,50,0,Set home to eco mode
70,84.20099344532385,50,0,Set home to eco mode
70,84.50538273564794,50,0,Set home to eco mode
70,84.37837516587358,50,0,Set home to eco mode
70,84.84071567920908,50,0,Set home to eco mode
70,85.24791405573195,50,0,Set home to eco mode
70,85.41030417621408,50,0,Set home to eco mode
70,85.0091038679034,50,0,Set home to eco mode
70,85.34751781383811,50,0,Set home to eco mode
70,85.24205382952353,50,0,Set home to eco mode
70,84.98074867194163,50,0,Set home to eco mode
70,85.32367339172437,50,0,Set home to eco mode
70,85.56590803905002,50,0,Set home to eco mode
70,85.24651933362678,50,1,No action needed
70,85.05378823217964,50,1,No action needed
70,85.29239308767642,50,1,No action needed
70,85.23613692070542,50,1,No action needed
70,84.7564800376697,50,1,No action needed
70,85.03381524509432,50,1,No action needed
70,85.36702841202118,50,1,No action needed
70,85.54623219554529,50,1,No action needed
70,86.04259005431695,50,1,No action needed
70,86.1137411906898,50,1,No action needed
70,86.49338680953365,50,1,No action needed
70,86.01120079840823,50,1,No action needed
70,86.17876858353539,50,1,No action needed
70,85.95243595611657,50,0,Set home to eco mode
70,85.76609985194366,50,0,Set home to eco mode
70,86.23802939262103,50,1,No action needed
70,86.21124082165886,50,1,No action needed
70,86.40668926496369,50,1,No action needed
70,86.30833132169204,50,1,No action needed
70,86.74972239725737,50,1,No action needed
70,87.2238554363394,50,1,No action needed
70,87.65426902674587,50,1,No action needed
70,87.31313342991542,50,1,No action needed
70,87.29313570653918,50,1,No action needed
70,87.71876407890555,50,1,No action needed
70,87.29133065289345,50,1,No action needed
70,87.15293445740657,50,1,No action needed
70,86.72571140946773,50,1,No action needed
70,86.49565154467858,50,1,No action needed
70,86.48210541346474,50,1,No action needed
70,86.69585683570808,50,1,No action needed
70,86.61262095420562,50,1,No action needed
70,87.04214548706466,50,1,No action needed
70,87.04300131719441,50,1,No action needed
70,87.1559830980755,50,1,No action needed
70,87.43193018670405,50,0,Set home to eco mode
70,87.65768208830819,50,0,Set home to eco mode
70,87.31347593267931,50,0,Set home to eco mode
70,87.42577581475788,50,0,Set home to eco mode
70,87.78548321634678,50,0,Set home to eco mode
70,87.54291111099312,50,0,Set home to eco mode
70,87.79669676936942,50,0,Set home to eco mode
70,88.08076639471543,50,0,Set home to eco mode
70,87.85916802690805,50,0,Set home to eco mode
70,87.90373111782968,50,0,Set home to eco mode
70,88.33157606038577,50,0,Set home to eco mode
70,88.80164077551674,50,0,Set home to eco mode
70,88.5717881362951,50,0,Set home to eco mode
70,88.60039172290685,50,0,Set home to eco mode
70,88.66164314430122,50,1,No action needed
70,88.70501304083677,50,1,No action needed
70,88.54009664345978,50,1,No action needed
70,88.75442310033299,50,1,No action needed
70,89.02093293336488,50,1,No action needed
70,89.01173311249048,50,1,No action needed
70,88.91407101607814,50,1,No action needed
70,88.69876220910922,50,1,No action needed
70,89.0292234236879,50,1,No action needed
70,88.86362782852459,50,1,No action needed
70,88.48518671663594,50,1,No action needed
70,88.19901837572432,50,1,No action needed
70,88.5867851742456,50,1,No action needed
70,88.09972599232809,50,1,No action needed
70,88.36071634866694,50,1,No action needed
70,87.89009614463892,50,1,No action needed
70,88.04510082043448,50,1,No action needed
70,88.4400561858735,50,1,No action needed
70,87.95126698440573,50,1,No action needed
70,88.16960158757024,50,1,No action needed
70,88.2556612347774,50,0,Set home to eco mode
70,87.96041700620341,50,0,Set home to eco mode
70,88.00778244378466,50,0,Set home to eco mode
70,88.21127434524283,50,0,Set home to eco mode
70,88.23269389556333,50,0,Set home to eco mode
70,88.68419207450519,50,0,Set home to eco mode
70,88.57181510482594,50,0,Set home to eco mode
70,88.07323504491967,50,0,Set home to eco mode
70,88.00629175221087,50,0,Set home to eco mode
70,88.33464376851029,50,0,Set home to eco mode
70,87.91374306128803,50,0,Set home to eco mode
70,87.90498483761807,50,0,Set home to eco mode
70,87.66726752340605,50,0,Set home to eco mode
70,87.69019751300264,50,1,No action needed
70,88.0915646636383,50,1,No action needed
70,88.16231420155405,50,1,No action needed
70,87.7432753620504,50,1,No action needed
70,88.02126875355737,50,0,Set home to eco mode
70,88.16343833550643,50,0,Set home to eco mode
70,88.60680008505402,50,0,Set home to eco mode
70,88.13418914472656,50,0,Set home to eco mode
70,88.26220582125046,50,0,Set home to eco mode
70,88.11383985222777,50,0,Set home to eco mode
70,88.35147071474006,50,0,Set home to eco mode
70,88.45589585710651,50,0,Set home to eco mode
70,88.81494550942259,50,0,Set home to eco mode
70,88.44971115866466,50,0,Set home to eco mode
70,87.99742664112007,50,0,Set home to eco mode
70,88.26095871811303,50,0,Set home to eco mode
70,88.08917154182322,50,0,Set home to eco mode
70,88.52194392010225,50,0,Set home to eco mode
70,88.16644681007989,50,0,Set home to eco mode
70,87.9470771430943,50,0,Set home to eco mode
70,87.95798252779922,50,0,Set home to eco mode
70,88.42001648300528,50,0,Set home to eco mode
70,88.5864952787713,50,1,No action needed
70,88.9930413080746,50,1,No action needed
70,89.12097821656846,50,1,No action needed
70,89.03570190962796,50,1,No action needed
70,89.00057919033527,50,1,No action needed
70,89.15994798765648,50,1,No action needed
70,89.27466630486322,50,1,No action needed
70,89.05421889674378,50,1,No action needed
70,89.16512856219212,50,1,No action needed
70,88.85930230643503,50,1,No action needed
70,88.40502788228537,50,1,No action needed
70,88.54436504724102,50,1,No action needed
70,88.39009482540253,50,1,No action needed
70,88.46451065549948,50,1,No action needed
70,88.07824530138285,50,1,No action needed
70,87.65935691221499,50,1,No action needed
70,87.3831401844924,50,1,No action needed
70,87.66480276025474,50,1,No action needed
70,88.04255932810909,50,1,No action needed
70,88.04772461871133,50,1,No action needed
70,88.19092955647722,50,1,No action needed
70,88.61783983120317,50,1,No action needed
70,88.5285558892884,50,1,No action needed
70,88.13999147680379,50,1,No action needed
70,87.94137130168747,50,1,No action needed
70,87.89643134411018,50,0,Set home to eco mode
70,87.80066764258459,50,0,Set home to eco mode
70,87.66606033521596,50,0,Set home to eco mode
70,87.81988203732666,50,0,Set home to eco mode
70,87.95038642596508,50,0,Set home to eco mode
70,88.15409184131539,50,0,Set home to eco mode
70,88.18978606453882,50,0,Set home to eco mode
70,88.13389743442048,50,0,Set home to eco mode
70,88.26464122659074,50,0,Set home to eco mode
70,88.72828546045099,50,0,Set home to eco mode
70,88.42526925400293,50,1,No action needed
70,88.27742366539105,50,1,No action needed
70,87.84736729294822,50,1,No action needed
70,87.76018790320902,50,1,No action needed
70,88.19692296906607,50,1,No action needed
70,88.23119243915659,50,1,No action needed
70,88.49824222862458,50,1,No action needed
70,88.30131898280548,50,1,No action needed
70,88.46944142064885,50,1,No action needed
70,88.22487906284549,50,1,No action needed
70,88.63293159249714,50,1,No action needed
70,89.02052847533933,50,1,No action needed
70,88.7121896712953,50,1,No action needed
70,88.65301205664673,50,1,No action needed
70,88.79587826404432,50,0,Set home to eco mode
70,88.90934663300352,50,0,Set home to eco mode
70,89.21315189686506,50,0,Set home to eco mode
70,89.36718788417866,50,0,Set home to eco mode
70,88.98588117968505,50,0,Set home to eco mode
70,88.73271537742023,50,0,Set home to eco mode
70,89.15204660737024,50,0,Set home to eco mode
70,89.54383659156511,50,0,Set home to eco mode
70,89.97482036915015,50,0,Set home to eco mode
70,90.03233466912103,50,0,Set home to eco mode
70,90.28401487607192,50,0,Set home to eco mode
70,90.26772802063208,50,0,Set home to eco mode
70,90.72290308766797,50,0,Set home to eco mode
70,91.09231300232116,50,0,Set home to eco mode
70,91.25152536313152,50,0,Set home to eco mode
70,91.04450011363973,50,0,Set home to eco mode
70,91.45964919681117,50,0,Set home to eco mode
70,91.30893141250927,50,0,Set home to eco mode
70,91.78462271086993,50,0,Set home to eco mode
70,91.30261195599076,50,0,Set home to eco mode
70,90.89804579210985,50,1,No action needed
70,90.49496059208839,50,1,No action needed
70,90.75622156617649,50,1,No action needed
70,90.68116024409235,50,1,No action needed
70,91.18097162831161,50,1,No action needed
70,91.39941176869478,50,1,No action needed
70,90.9209109405296,50,1,No action needed
70,90.93122533989721,50,1,No action needed
70,90.97075878377554,50,1,No action needed
70,90.56928240198276,50,1,No action needed
70,90.1755533094077,50,1,No action needed
70,90.60392968368669,50,1,No action needed
70,91.02145061526679,50,1,No action needed
70,90.54187936034198,50,1,No action needed
70,90.82594578736709,50,1,No action needed
70,91.20619990472336,50,1,No action needed
70,91.54661417994677,50,1,No action needed
70,91.84577647318712,50,1,No action needed
70,91.78905178858325,50,1,No action needed
70,91.39231862923688,50,1,No action needed
70,91.12901645419281,50,1,No action needed
70,91.49995105965927,50,1,No action needed
70,91.14113805903605,50,1,No action needed
70,91.23031992832408,50,1,No action needed
70,90.85500940870153,50,1,No action needed
70,90.84343707285814,50,1,No action needed
70,90.90203429745148,50,1,No action needed
70,90.46010660536226,50,1,No action needed
70,90.6498923077519,50,1,No action needed
70,90.92545720606215,50,1,No action needed
70,91.39428559826419,50,1,No action needed
70,91.53722313946534,50,1,No action needed
70,91.94967078988167,50,1,No action needed
70,92.32265413853882,50,1,No action needed
70,92.20869073012975,50,1,No action needed
70,91.82447297486073,50,1,No action needed
70,91.78261150013753,50,1,No action needed
70,91.45284048056205,50,1,No action needed
70,91.83622524280555,50,1,No action needed
70,91.71778981045891,50,1,No action needed
70,91.35694477050468,50,1,No action needed
70,91.46350843068498,50,1,No action needed
70,91.79512454059214,50,1,No action needed
70,91.34194507756342,50,1,No action needed
70,91.78905159275561,50,1,No action needed
70,92.23996473419407,50,1,No action needed
70,92.08720477405387,50,1,No action needed
70,91.78896813609164,50,1,No action needed
70,91.39840893177434,50,1,No action needed
70,91.7168954613772,50,1,No action needed
70,91.66614365065479,50,1,No action needed
70,91.60073506815064,50,0,Set home to eco mode
70,91.68444471722081,50,0,Set home to eco mode
70,91.7079472974193,50,0,Set home to eco mode
70,91.78956543444119,50,1,No action needed
70,92.16306054525872,50,1,No action needed
70,91.95812320530372,50,1,No action needed
70,92.0501668174803,50,1,No action needed
70,91.58069331346809,50,1,No action needed
70,92.0543321750646,50,1,No action needed
70,91.89482389326236,50,1,No action needed
70,91.47834046656114,50,1,No action needed
70,91.94233070998162,50,1,No action needed
70,91.94928439220789,50,1,No action needed
70,91.6313426874146,50,1,No action needed
70,91.16258991835556,50,1,No action needed
70,91.33761395190638,50,1,No action needed
70,91.79152735393257,50,1,No action needed
70,92.07597517192957,50,1,No action needed
70,91.69113764076135,50,1,No action needed
70,91.62136083364207,50,1,No action needed
70,91.5583864746394,50,1,No action needed
70,91.96292322392384,50,1,No action needed
70,91.65584194226405,50,1,No action needed
70,91.77505218072915,50,1,No action needed
70,91.39177717779778,50,1,No action needed
70,91.2735648390161,50,1,No action needed
70,91.60158113660988,50,1,No action needed
70,91.11974443599333,50,1,No action needed
70,91.36827878323125,50,1,No action needed
70,91.30545723590268,50,1,No action needed
70,91.07415710893397,50,1,No action needed
70,91.36487185665843,50,0,Set home to eco mode
70,91.46935791733887,50,0,Set home to eco mode
70,91.75284031066815,50,0,Set home to eco mode
70,91.61297174664217,50,0,Set home to eco mode
70,91.66640219945647,50,0,Set home to eco mode
70,91.93876082091563,50,0,Set home to eco mode
70,91.7041056069342,50,0,Set home to eco mode
70,91.61717642302418,50,0,Set home to eco mode
70,91.33590249277924,50,0,Set home to eco mode
70,91.15462418763657,50,0,Set home to eco mode
70,91.39366929325871,50,0,Set home to eco mode
70,91.83246171070503,50,0,Set home to eco mode
70,91.48136267463893,50,0,Set home to eco mode
70,91.72360570553307,50,0,Set home to eco mode
70,91.24420460716861,50,0,Set home to eco mode
70,91.5292801882684,50,0,Set home to eco mode
70,91.6708019606091,50,0,Set home to eco mode
70,91.80175937382175,50,1,No action needed
70,91.74154296821791,50,1,No action needed
70,91.92971445235797,50,1,No action needed
70,92.34327109964306,50,1,No action needed
70,92.16318375967826,50,1,No action needed
70,92.18356891108101,50,1,No action needed
70,92.3921978740119,50,1,No action needed
70,92.68755901563657,50,1,No action needed
70,92.73864310747554,50,1,No action needed
70,93.17568425977738,50,1,No action needed
70,92.83152465855721,50,1,No action needed
70,93.14310437871207,50,1,No action needed
70,92.67971325540199,50,1,No action needed
70,92.23825933940539,50,1,No action needed
70,92.14249918423798,50,1,No action needed
70,92.31572672614168,50,1,No action needed
70,92.41408539372085,50,1,No action needed
70,92.53640946444423,50,1,No action needed
70,92.77387247506587,50,0,Set home to eco mode
70,93.18399674927687,50,0,Set home to eco mode
70,93.36393361987668,50,0,Set home to eco mode
70,93.6547062039324,50,0,Set home to eco mode
70,93.43358488630385,50,0,Set home to eco mode
70,93.84347044495979,50,0,Set home to eco mode
70,93.42131277331441,50,0,Set home to eco mode
70,93.06750369106483,50,0,Set home to eco mode
70,93.30947416403703,50,0,Set home to eco mode
70,93.67460294110053,50,0,Set home to eco mode
70,93.8382731240485,50,0,Set home to eco mode
70,93.52816335855145,50,0,Set home to eco mode
70,93.657972997534,50,0,Set home to eco mode
70,93.70688970716505,50,0,Set home to eco mode
70,94.18709218320065,50,0,Set home to eco mode
70,94.32245132224158,50,0,Set home to eco mode
70,94.38326204597266,50,0,Set home to eco mode
70,94.01443093432927,50,0,Set home to eco mode
70,94.1976744688226,50,0,Set home to eco mode
70,94.464910849715,50,0,Set home to eco mode
70,94.94794121257344,50,0,Set home to eco mode
70,95.04519952356141,50,0,Set home to eco mode
70,95.46334074855207,50,0,Set home to eco mode
70,95.18305772513423,50,0,Set home to eco mode
70,94.7169627795455,50,0,Set home to eco mode
70,95.14816759583829,50,0,Set home to eco mode
70,95.34976738757693,50,0,Set home to eco mode
70,95.70737307161264,50,0,Set home to eco mode
70,96.0929115804157,50,0,Set home to eco mode
70,96.22813050723275,50,0,Set home to eco mode
70,96.52438574205607,50,0,Set home to eco mode
70,96.6480485410799,50,0,Set home to eco mode
70,96.94225267748436,50,0,Set home to eco mode
70,97.25265603526546,50,0,Set home to eco mode
70,97.15237557329168,50,0,Set home to eco mode
70,97.27110494438496,50,0,Set home to eco mode
70,97.05421630427333,50,0,Set home to eco mode
70,96.92248159741087,50,0,Set home to eco mode
70,97.36406489346284,50,0,Set home to eco mode
70,97.5526268143065,50,0,Set home to eco mode
70,97.08556296829975,50,0,Set home to eco mode
70,97.0445578778909,50,0,Set home to eco mode
70,96.80602989626438,50,0,Set home to eco mode
70,96.97435474882188,50,0,Set home to eco mode
70,96.68321858909069,50,0,Set home to eco mode
70,96.2519995491715,50,0,Set home to eco mode
70,95.99344785651414,50,0,Set home to eco mode
70,95.77852417010509,50,0,Set home to eco mode
70,95.36401310316819,50,0,Set home to eco mode
70,95.39190599104627,50,0,Set home to eco mode
70,95.18975676246048,50,0,Set home to eco mode
70,95.46479070369723,50,0,Set home to eco mode
70,95.847411064162,50,0,Set home to eco mode
70,96.19904296591372,50,0,Set home to eco mode
70,95.70531072884464,50,0,Set home to eco mode
70,95.41753318043806,50,0,Set home to eco mode
70,95.80304536232376,50,0,Set home to eco mode
70,95.64149012073663,50,0,Set home to eco mode
70,95.60404460609362,50,0,Set home to eco mode
70,95.73474179015413,50,0,Set home to eco mode
70,95.50528945210672,50,0,Set home to eco mode
70,95.59610358377246,50,0,Set home to eco mode
70,96.03795068733093,50,0,Set home to eco mode
70,95.80867116714816,50,0,Set home to eco mode
70,95.95167797232853,50,0,Set home to eco mode
70,95.71143973797928,50,0,Set home to eco mode
70,95.71852131815595,50,0,Set home to eco mode
70,95.7614662307346,50,0,Set home to eco mode
70,95.62081006662363,50,0,Set home to eco mode
70,95.59230919011527,50,0,Set home to eco mode
70,95.62127012493029,50,0,Set home to eco mode
70,95.73544232336761,50,0,Set home to eco mode
70,96.12537297300145,50,0,Set home to eco mode
70,96.03300001611385,50,0,Set home to eco mode
70,96.11731544173114,50,0,Set home to eco mode
70,96.59903246875204,50,0,Set home to eco mode
70,96.8629804535715,50,0,Set home to eco mode
70,97.02308336339212,50,0,Set home to eco mode
70,97.24094495735825,50,0,Set home to eco mode
70,97.11326901949302,50,0,Set home to eco mode
70,96.9647293903827,50,0,Set home to eco mode
70,97.36257944768384,50,0,Set home to eco mode
70,97.7844623456442,50,0,Set home to eco mode
70,97.79639683058055,50,0,Set home to eco mode
70,97.79146792470901,50,0,Set home to eco mode
70,97.97226874143277,50,0,Set home to eco mode
70,98.44622237479987,50,0,Set home to eco mode
70,98.0765838850751,50,0,Set home to eco mode
70,98.30397622288163,50,0,Set home to eco mode
70,98.37029000348095,50,0,Set home to eco mode
70,98.74363953083781,50,0,Set home to eco mode
70,98.82752364743904,50,0,Set home to eco mode
70,98.6805659831214,50,0,Set home to eco mode
70,98.89066122250561,50,0,Set home to eco mode
70,99.11847499117154,50,0,Set home to eco mode
70,98.80433308342194,50,0,Set home to eco mode
70,98.57311750502674,50,0,Set home to eco mode
70,98.74533023924933,50,0,Set home to eco mode
70,98.62128560559259,50,0,Set home to eco mode
70,98.77229728485787,50,1,No action needed
70,98.85636859259394,50,0,Set home to eco mode
70,98.78796119665851,50,0,Set home to eco mode
70,98.69241776053558,50,0,Set home to eco mode
70,99.1422553895226,50,0,Set home to eco mode
70,98.74104614765601,50,0,Set home to eco mode
70,99.07066084956692,50,0,Set home to eco mode
70,98.7974735824039,50,0,Set home to eco mode
70,98.76063019821449,50,0,Set home to eco mode
70,98.3090951409076,50,0,Set home to eco mode
70,98.00550992081135,50,0,Set home to eco mode
70,98.4543827351427,50,0,Set home to eco mode
70,98.77126005187453,50,0,Set home to eco mode
70,98.57857873504517,50,0,Set home to eco mode
70,98.32637266422299,50,0,Set home to eco mode
70,98.38859477662854,50,0,Set home to eco mode
70,98.27656383146022,50,1,No action needed
70,98.21352991959347,50,0,Set home to eco mode
70,97.861491048375,50,0,Set home to eco mode
70,97.62990223557989,50,0,Set home to eco mode
70,97.22455924050284,50,0,Set home to eco mode
70,97.50419684869941,50,1,No action needed
70,97.12538328368665,50,1,No action needed
70,97.36405280592544,50,1,No action needed
70,97.34859348911179,50,1,No action needed
70,97.47730007155484,50,1,No action needed
70,97.38489729368438,50,1,No action needed
70,97.64074820656138,50,1,No action needed
70,97.23587338987615,50,1,No action needed
70,97.2022186048987,50,1,No action needed
70,97.61319419137861,50,1,No action needed
70,98.0737272254971,50,1,No action needed
70,97.93058168029638,50,1,No action needed
70,97.72156324602113,50,1,No action needed
70,97.59684696346908,50,1,No action needed
70,97.21619108921594,50,1,No action needed
70,97.52161748264541,50,1,No action needed
70,97.85569802919967,50,1,No action needed
70,97.53980346188068,50,1,No action needed
70,97.40445017258097,50,1,No action needed
70,97.72758266541538,50,1,No action needed
70,97.86247708036063,50,1,No action needed
70,97.92350591656678,50,1,No action needed
70,98.10100672925334,50,1,No action needed
70,97.70573313961063,50,1,No action needed
70,98.06949732912334,50,1,No action needed
70,97.63618128477664,50,1,No action needed
70,97.29846002973161,50,1,No action needed
70,96.97952151642346,50,1,No action needed
70,96.49776085702531,50,1,No action needed
70,96.81769292347985,50,1,No action needed
70,96.61858929351563,50,1,No action needed
70,96.62493977425586,50,1,No action needed
70,96.63716513119908,50,1,No action needed
